INSERT INTO OFERTACOMUN(IDOFERTACOMUN, CAPACIDAD, PISCINA, PARQUEADERO, TVCABLE, WIFI, PRECIO)
VALUES (1, '2-4', 'Sí', 'Sí', 'Sí', 'Sí', 100000);

INSERT INTO OFERTACOMUN(IDOFERTACOMUN, CAPACIDAD, PISCINA, PARQUEADERO, TVCABLE, WIFI, PRECIO)
VALUES (2, '2-4', 'Sí', 'Sí', 'No', 'Sí', 80000);

INSERT INTO OFERTACOMUN(IDOFERTACOMUN, CAPACIDAD, PISCINA, PARQUEADERO, TVCABLE, WIFI, PRECIO)
VALUES (3, '4-6', 'No', 'Sí', 'Sí', 'No', 120000);

INSERT INTO OFERTACOMUN(IDOFERTACOMUN, CAPACIDAD, PISCINA, PARQUEADERO, TVCABLE, WIFI, PRECIO)
VALUES (4, '6-8', 'Sí', 'No', 'No', 'Sí', 150000);

INSERT INTO OFERTACOMUN(IDOFERTACOMUN, CAPACIDAD, PISCINA, PARQUEADERO, TVCABLE, WIFI, PRECIO)
VALUES (5, '4-6', 'No', 'No', 'No', 'No', 60000);

-----------

INSERT INTO OFERTAEXCLUSIVA (IDOFERTAEXCLUSIVA, HABITACIONCOMPARTIDA, PRECIONOCHE)
VALUES (1, 'No', 80);

INSERT INTO OFERTAEXCLUSIVA (IDOFERTAEXCLUSIVA, HABITACIONCOMPARTIDA, PRECIONOCHE)
VALUES (2, 'Sí', 40);

INSERT INTO OFERTAEXCLUSIVA (IDOFERTAEXCLUSIVA, HABITACIONCOMPARTIDA, PRECIONOCHE)
VALUES (3, 'No', 100);

INSERT INTO OFERTAEXCLUSIVA (IDOFERTAEXCLUSIVA, HABITACIONCOMPARTIDA, PRECIONOCHE)
VALUES (4, 'Sí', 50);

INSERT INTO OFERTAEXCLUSIVA (IDOFERTAEXCLUSIVA, HABITACIONCOMPARTIDA, PRECIONOCHE)
VALUES (5, 'Sí', 60);

------------

INSERT INTO VIVIENDAUNIVERSITARIA(IDOFERTAEXCLUSIVA, HABITACIONCOMPARTIDA, PRECIONOCHE, COSTORESTAURANTE, COSTOSALAS, COSTOGIMNASIO, IDADMIN)
VALUES (1, 'SI', 30, 10, 5, 20, 101);

INSERT INTO VIVIENDAUNIVERSITARIA(IDOFERTAEXCLUSIVA, HABITACIONCOMPARTIDA, PRECIONOCHE, COSTORESTAURANTE, COSTOSALAS, COSTOGIMNASIO, IDADMIN)
VALUES (2, 'NO', 40, 15, 8, 30, 102);

INSERT INTO VIVIENDAUNIVERSITARIA(IDOFERTAEXCLUSIVA, HABITACIONCOMPARTIDA, PRECIONOCHE, COSTORESTAURANTE, COSTOSALAS, COSTOGIMNASIO, IDADMIN)
VALUES (3, 'SI', 35, 12, 6, 25, 103);

INSERT INTO VIVIENDAUNIVERSITARIA(IDOFERTAEXCLUSIVA, HABITACIONCOMPARTIDA, PRECIONOCHE, COSTORESTAURANTE, COSTOSALAS, COSTOGIMNASIO, IDADMIN)
VALUES (4, 'NO', 45, 20, 10, 40, 104);

INSERT INTO VIVIENDAUNIVERSITARIA(IDOFERTAEXCLUSIVA, HABITACIONCOMPARTIDA, PRECIONOCHE, COSTORESTAURANTE, COSTOSALAS, COSTOGIMNASIO, IDADMIN)
VALUES (5, 'SI', 40, 15, 7, 30, 105);


-------------

INSERT INTO APARTAMENTO (IDOFERTAEXCLUSIVA, HABITACIONCOMPARTIDA, PRECIONOCHE, AMOBLADO, COMIDAS, BANOPRIVADO, COSTOSERVICIOS, IDMIEMBRO)
VALUES (1, 'NO', '30', 'SI', 'NO', 'SI', 50, 1);

INSERT INTO APARTAMENTO (IDOFERTAEXCLUSIVA, HABITACIONCOMPARTIDA, PRECIONOCHE, AMOBLADO, COMIDAS, BANOPRIVADO, COSTOSERVICIOS, IDMIEMBRO)
VALUES (2, 'NO', '40', 'NO', 'NO', 'SI', 20, 2);

INSERT INTO APARTAMENTO (IDOFERTAEXCLUSIVA, HABITACIONCOMPARTIDA, PRECIONOCHE, AMOBLADO, COMIDAS, BANOPRIVADO, COSTOSERVICIOS, IDMIEMBRO)
VALUES (3, 'SI', '20', 'NO', 'SI', 'NO', 30, 3);

INSERT INTO APARTAMENTO (IDOFERTAEXCLUSIVA, HABITACIONCOMPARTIDA, PRECIONOCHE, AMOBLADO, COMIDAS, BANOPRIVADO, COSTOSERVICIOS, IDMIEMBRO)
VALUES (4, 'SI', '25', 'SI', 'SI', 'SI', 60, 4);

INSERT INTO APARTAMENTO (IDOFERTAEXCLUSIVA, HABITACIONCOMPARTIDA, PRECIONOCHE, AMOBLADO, COMIDAS, BANOPRIVADO, COSTOSERVICIOS, IDMIEMBRO)
VALUES (5, 'NO', '35', 'SI', 'NO', 'NO', 40, 5);

-------------

INSERT INTO EMPRESA (IDOPERADOR, NOMBRE, TIPOIDENTIFICACION, REGISTROCAMARA, TIPOALOJAMIENTO)
VALUES (1, 'Hotel ABC', 'NIT', '12345', 'Hotel');

INSERT INTO EMPRESA (IDOPERADOR, NOMBRE, TIPOIDENTIFICACION, REGISTROCAMARA, TIPOALOJAMIENTO)
VALUES (2, 'Hostal XYZ', 'CC', '67890', 'Hostal');

INSERT INTO EMPRESA (IDOPERADOR, NOMBRE, TIPOIDENTIFICACION, REGISTROCAMARA, TIPOALOJAMIENTO)
VALUES (3, 'Apartahotel 123', 'NIT', '24680', 'Hotel');

INSERT INTO EMPRESA (IDOPERADOR, NOMBRE, TIPOIDENTIFICACION, REGISTROCAMARA, TIPOALOJAMIENTO)
VALUES (4, 'Hotel 456', 'CC', '13579', 'Hotel');

INSERT INTO EMPRESA (IDOPERADOR, NOMBRE, TIPOIDENTIFICACION, REGISTROCAMARA, TIPOALOJAMIENTO)
VALUES (5, 'Hostal 789', 'NIT', '24680', 'Hostal');

------------

INSERT INTO VECINO(IDOPERADOR, TIPOIDENTIFICACION, NOMBRE, UBICACION)
VALUES (1, 'CC', 'Juan', 'Calle 10 #20-30'),
       (2, 'CC', 'María', 'Carrera 15 #30-40'),
       (3, 'TI', 'Carlos', 'Calle 20 #15-25'),
       (4, 'CC', 'Ana', 'Carrera 10 #25-15'),
       (5, 'TI', 'Luisa', 'Calle 25 #20-30');


----------

INSERT INTO VIVIENDA(IDOFERTACOMUN, CAPACIDAD, PISCINA, PARQUEADERO, TVCABLE, WIFI, PRECIONOCHE, NUMHABITACIONES, DESCRIPCIONSEGURO, IDVECINO)
VALUES (1, '4', 'NO', 'SI', 'SI', 'SI', 250000, 2, 'Seguro contra robos incluido', 1);

INSERT INTO VIVIENDA(IDOFERTACOMUN, CAPACIDAD, PISCINA, PARQUEADERO, TVCABLE, WIFI, PRECIONOCHE, NUMHABITACIONES, DESCRIPCIONSEGURO, IDVECINO)
VALUES (2, '2', 'SI', 'NO', 'NO', 'SI', 120000, 1, 'No se permiten visitas', 2);

INSERT INTO VIVIENDA(IDOFERTACOMUN, CAPACIDAD, PISCINA, PARQUEADERO, TVCABLE, WIFI, PRECIONOCHE, NUMHABITACIONES, DESCRIPCIONSEGURO, IDVECINO)
VALUES (3, '3', 'SI', 'SI', 'SI', 'SI', 180000, 1, 'Se permiten mascotas', 3);

INSERT INTO VIVIENDA(IDOFERTACOMUN, CAPACIDAD, PISCINA, PARQUEADERO, TVCABLE, WIFI, PRECIONOCHE, NUMHABITACIONES, DESCRIPCIONSEGURO, IDVECINO)
VALUES (4, '1', 'NO', 'SI', 'SI', 'NO', 80000, 1, 'Solo estudiantes', 4);


-------


-- Inserting data into HOSPEDAJE table
INSERT INTO HOSPEDAJE (IDOFERTACOMUN, CAPACIDAD, PISCINA, PARQUEADERO, TVCABLE, WIFI, PRECIONOCHE, CATEGORIA, TAMANO, RECEPCION24H, SERVICIORESTAURANTE, IDEMPRESA)
VALUES (1, '2', 'Si', 'No', 'Si', 'Si', 80, '3 estrellas', 'Grande', 'Si', 'No', 101);

INSERT INTO HOSPEDAJE (IDOFERTACOMUN, CAPACIDAD, PISCINA, PARQUEADERO, TVCABLE, WIFI, PRECIONOCHE, CATEGORIA, TAMANO, RECEPCION24H, SERVICIORESTAURANTE, IDEMPRESA)
VALUES (2, '4', 'No', 'Si', 'No', 'Si', 120, '4 estrellas', 'Mediano', 'Si', 'Si', 102);

INSERT INTO HOSPEDAJE (IDOFERTACOMUN, CAPACIDAD, PISCINA, PARQUEADERO, TVCABLE, WIFI, PRECIONOCHE, CATEGORIA, TAMANO, RECEPCION24H, SERVICIORESTAURANTE, IDEMPRESA)
VALUES (3, '1', 'No', 'No', 'Si', 'No', 40, '2 estrellas', 'Pequeño', 'No', 'No', 103);

INSERT INTO HOSPEDAJE (IDOFERTACOMUN, CAPACIDAD, PISCINA, PARQUEADERO, TVCABLE, WIFI, PRECIONOCHE, CATEGORIA, TAMANO, RECEPCION24H, SERVICIORESTAURANTE, IDEMPRESA)
VALUES (4, '3', 'Si', 'Si', 'Si', 'Si', 150, '5 estrellas', 'Grande', 'Si', 'Si', 104);

INSERT INTO HOSPEDAJE (IDOFERTACOMUN, CAPACIDAD, PISCINA, PARQUEADERO, TVCABLE, WIFI, PRECIONOCHE, CATEGORIA, TAMANO, RECEPCION24H, SERVICIORESTAURANTE, IDEMPRESA)
VALUES (5, '2', 'No', 'Si', 'No', 'Si', 100, '3 estrellas', 'Mediano', 'Si', 'No', 101);



-- Inserting data into APARTAMENTO table

INSERT INTO ADMINVIVIENDA (IDOPERADOR, TIPOIDENTIFICACION, NOMBRE, UBICACION)
VALUES (1, 'CC', 'Juan Perez', 'Calle 123');
INSERT INTO ADMINVIVIENDA (IDOPERADOR, TIPOIDENTIFICACION, NOMBRE, UBICACION)
VALUES (2, 'CC', 'Maria Rodriguez', 'Carrera 456');
INSERT INTO ADMINVIVIENDA (IDOPERADOR, TIPOIDENTIFICACION, NOMBRE, UBICACION)
VALUES (3, 'CC', 'Luisa Gomez', 'Avenida 789');
INSERT INTO ADMINVIVIENDA (IDOPERADOR, TIPOIDENTIFICACION, NOMBRE, UBICACION)
VALUES (4, 'CE', 'Pedro Sanchez', 'Calle 456');


-----------

INSERT INTO PROPIETARIOMIEMBRO (IDOPERADOR, TIPOIDENTIFICACION, NOMBRE, UBICACION, TIPOMIEMBRO)
VALUES (1, 'CC', 'Juan Perez', 'Bogotá', 'Premium');

INSERT INTO PROPIETARIOMIEMBRO (IDOPERADOR, TIPOIDENTIFICACION, NOMBRE, UBICACION, TIPOMIEMBRO)
VALUES (2, 'CE', 'Ana Gutierrez', 'Medellín', 'Regular');

INSERT INTO PROPIETARIOMIEMBRO (IDOPERADOR, TIPOIDENTIFICACION, NOMBRE, UBICACION, TIPOMIEMBRO)
VALUES (3, 'CC', 'Sarah Smith', 'London', 'Premium');

INSERT INTO PROPIETARIOMIEMBRO (IDOPERADOR, TIPOIDENTIFICACION, NOMBRE, UBICACION, TIPOMIEMBRO)
VALUES (4, 'CC', 'Luisa Gomez', 'Bogotá', 'Regular');

INSERT INTO PROPIETARIOMIEMBRO (IDOPERADOR, TIPOIDENTIFICACION, NOMBRE, UBICACION, TIPOMIEMBRO)
VALUES (5, 'CC', 'Raul Rincon', 'Bogotá', 'Premium');






